#FusionName	num_LR	LeftGene	LeftLocalBreakpoint	LeftBreakpoint	RightGene	RightLocalBreakpoint	RightBreakpoint	SpliceType	LR_accessions	LR_FFPM	annots	max_LR_FFPM	frac_dom_iso	above_frac_dom_iso
BAG6--SLC44A4	302	BAG6	2050	chr6:31651656:-	SLC44A4	25651	chr6:31865784:-	ONLY_REF_SPLICE	m84056_230620_213907_s3/216795957/ccs/8274_9770,m84056_230620_213907_s3/179376103/ccs/1029_2522,m84056_230620_213907_s3/128651050/ccs/1530_2985,m84056_230620_213907_s3/242811743/ccs/703_2153,m84056_230620_213907_s3/124912670/ccs/8620_9969,m84063_230620_211331_s3/118230635/ccs/11439_12896,m84063_230620_211331_s3/190056136/ccs/75_1523,m84056_230620_213907_s3/208670812/ccs/3801_5279,m84056_230620_213907_s3/102566976/ccs/936_2390,m84056_230620_213907_s3/260245955/ccs/3795_5259,m84056_230620_213907_s3/74058488/ccs/1582_3073,m84056_230620_213907_s3/167447979/ccs/4498_5847,m84056_230620_213907_s3/49022006/ccs/5949_7403,m84063_230620_211331_s3/42012202/ccs/6564_7840,m84056_230620_213907_s3/23467393/ccs/6774_8240,m84063_230620_211331_s3/148243973/ccs/7346_8912,m84056_230620_213907_s3/66127265/ccs/4416_5764,m84056_230620_213907_s3/71764116/ccs/9112_10483,m84056_230620_213907_s3/170922218/ccs/4338_5336,m84056_230620_213907_s3/31659566/ccs/1320_2776,m84056_230620_213907_s3/64556992/ccs/74_1563,m84056_230620_213907_s3/239144257/ccs/74_1762,m84063_230620_211331_s3/239667222/ccs/7884_9338,m84056_230620_213907_s3/47056942/ccs/5872_7314,m84056_230620_213907_s3/34999821/ccs/2496_4106,m84063_230620_211331_s3/153421727/ccs/44_1520,m84056_230620_213907_s3/156307813/ccs/5000_6607,m84063_230620_211331_s3/147853391/ccs/5396_6720,m84056_230620_213907_s3/127864445/ccs/8053_9568,m84056_230620_213907_s3/224464701/ccs/2467_3981,m84056_230620_213907_s3/115541959/ccs/2034_3499,m84056_230620_213907_s3/220072063/ccs/5511_6833,m84056_230620_213907_s3/195628594/ccs/4304_5784,m84056_230620_213907_s3/256972123/ccs/44_1515,m84056_230620_213907_s3/209322588/ccs/3754_5246,m84056_230620_213907_s3/158073856/ccs/4080_5407,m84063_230620_211331_s3/147130048/ccs/4433_5927,m84056_230620_213907_s3/46793224/ccs/1346_2803,m84056_230620_213907_s3/164628522/ccs/3768_5269,m84063_230620_211331_s3/212272768/ccs/699_2148,m84056_230620_213907_s3/96930266/ccs/1752_3223,m84063_230620_211331_s3/157680830/ccs/5429_6905,m84056_230620_213907_s3/123077502/ccs/74_1566,m84063_230620_211331_s3/42013450/ccs/44_1533,m84056_230620_213907_s3/135007145/ccs/6877_8342,m84056_230620_213907_s3/33425310/ccs/3643_5129,m84063_230620_211331_s3/11146851/ccs/3249_4468,m84056_230620_213907_s3/258935915/ccs/6650_8122,m84056_230620_213907_s3/188421214/ccs/4859_6341,m84056_230620_213907_s3/204605338/ccs/3728_5192,m84063_230620_211331_s3/34802338/ccs/8218_9694,m84063_230620_211331_s3/212864843/ccs/8302_9793,m84056_230620_213907_s3/246354769/ccs/5950_7426,m84056_230620_213907_s3/174789133/ccs/9868_11242,m84056_230620_213907_s3/238360298/ccs/7644_9123,m84056_230620_213907_s3/154862173/ccs/1715_3204,m84056_230620_213907_s3/129567148/ccs/2397_3879,m84056_230620_213907_s3/59507718/ccs/5259_6757,m84056_230620_213907_s3/251989141/ccs/74_1542,m84063_230620_211331_s3/70979081/ccs/44_1494,m84056_230620_213907_s3/249759260/ccs/2634_4095,m84056_230620_213907_s3/40963458/ccs/44_1411,m84056_230620_213907_s3/146214467/ccs/44_1421,m84056_230620_213907_s3/66847503/ccs/3183_4557,m84056_230620_213907_s3/112199476/ccs/44_1500,m84063_230620_211331_s3/168957858/ccs/4974_6349,m84056_230620_213907_s3/163186966/ccs/3438_4911,m84056_230620_213907_s3/248317062/ccs/3109_4571,m84056_230620_213907_s3/182323347/ccs/3873_5063,m84056_230620_213907_s3/233508490/ccs/8227_9682,m84056_230620_213907_s3/197333870/ccs/9286_10749,m84056_230620_213907_s3/248057947/ccs/7263_8732,m84056_230620_213907_s3/90770172/ccs/3953_5282,m84056_230620_213907_s3/241765547/ccs/8757_10214,m84056_230620_213907_s3/216401310/ccs/4084_5556,m84056_230620_213907_s3/145495192/ccs/77_1528,m84056_230620_213907_s3/261032722/ccs/2925_4379,m84056_230620_213907_s3/182849700/ccs/1823_3178,m84063_230620_211331_s3/29953350/ccs/1525_2984,m84056_230620_213907_s3/88019606/ccs/4574_5936,m84063_230620_211331_s3/251597840/ccs/74_1562,m84056_230620_213907_s3/47384955/ccs/6506_7985,m84056_230620_213907_s3/137631478/ccs/3279_4755,m84056_230620_213907_s3/67113251/ccs/44_1509,m84056_230620_213907_s3/55317051/ccs/9767_11091,m84056_230620_213907_s3/256771004/ccs/8645_10127,m84056_230620_213907_s3/260051641/ccs/6918_8375,m84056_230620_213907_s3/57280829/ccs/5857_7318,m84056_230620_213907_s3/185798244/ccs/8672_10060,m84063_230620_211331_s3/165418064/ccs/5626_6974,m84056_230620_213907_s3/231082924/ccs/3323_4804,m84063_230620_211331_s3/96669795/ccs/3827_5304,m84056_230620_213907_s3/200608386/ccs/44_1403,m84056_230620_213907_s3/160567231/ccs/8065_9524,m84063_230620_211331_s3/159843208/ccs/1598_3130,m84056_230620_213907_s3/162269873/ccs/6217_7695,m84063_230620_211331_s3/204932230/ccs/74_1536,m84056_230620_213907_s3/91688005/ccs/4334_5787,m84056_230620_213907_s3/111807847/ccs/7213_8687,m84056_230620_213907_s3/65081855/ccs/7292_8764,m84056_230620_213907_s3/248449500/ccs/75_1525,m84056_230620_213907_s3/164628649/ccs/5420_6888,m84063_230620_211331_s3/249233749/ccs/6730_8108,m84056_230620_213907_s3/161286132/ccs/7967_9331,m84056_230620_213907_s3/199692617/ccs/3125_4492,m84056_230620_213907_s3/173544985/ccs/4069_5549,m84056_230620_213907_s3/259329383/ccs/5344_6804,m84056_230620_213907_s3/62260373/ccs/1951_3416,m84056_230620_213907_s3/249497934/ccs/1770_3229,m84056_230620_213907_s3/242550804/ccs/4080_5534,m84056_230620_213907_s3/239667230/ccs/2004_3482,m84056_230620_213907_s3/88474049/ccs/4655_6109,m84056_230620_213907_s3/151393799/ccs/8230_9688,m84063_230620_211331_s3/254677197/ccs/8100_9549,m84056_230620_213907_s3/211947236/ccs/5571_7055,m84063_230620_211331_s3/59442252/ccs/2509_3959,m84056_230620_213907_s3/95753175/ccs/6531_7993,m84056_230620_213907_s3/113577262/ccs/6889_8330,m84056_230620_213907_s3/68750514/ccs/2237_3611,m84063_230620_211331_s3/43518823/ccs/2835_4306,m84063_230620_211331_s3/193728441/ccs/2867_4353,m84056_230620_213907_s3/207229805/ccs/3537_5010,m84056_230620_213907_s3/151784786/ccs/5795_7262,m84056_230620_213907_s3/244714865/ccs/3948_5322,m84056_230620_213907_s3/155847874/ccs/8526_9982,m84056_230620_213907_s3/44761820/ccs/4710_6193,m84056_230620_213907_s3/255723506/ccs/7245_8695,m84063_230620_211331_s3/23925964/ccs/5319_6772,m84056_230620_213907_s3/94307998/ccs/5087_6492,m84056_230620_213907_s3/179703966/ccs/10129_11609,m84063_230620_211331_s3/53872357/ccs/4245_5742,m84056_230620_213907_s3/262014167/ccs/2748_4233,m84056_230620_213907_s3/108400012/ccs/2845_4331,m84056_230620_213907_s3/231017407/ccs/964_2420,m84056_230620_213907_s3/205258946/ccs/5199_6677,m84063_230620_211331_s3/120654947/ccs/1530_2981,m84056_230620_213907_s3/171710076/ccs/537_1893,m84056_230620_213907_s3/207357244/ccs/3119_4680,m84056_230620_213907_s3/85789682/ccs/3978_5511,m84056_230620_213907_s3/220465429/ccs/3154_4623,m84056_230620_213907_s3/245566476/ccs/4005_5485,m84056_230620_213907_s3/208208314/ccs/3747_4371,m84056_230620_213907_s3/160434443/ccs/3426_4924,m84063_230620_211331_s3/211420603/ccs/708_2064,m84056_230620_213907_s3/241109876/ccs/74_1704,m84056_230620_213907_s3/185341538/ccs/4739_6241,m84056_230620_213907_s3/61932352/ccs/5122_6512,m84056_230620_213907_s3/121180627/ccs/5049_6534,m84056_230620_213907_s3/193336774/ccs/4203_5663,m84056_230620_213907_s3/94962758/ccs/2049_3536,m84056_230620_213907_s3/178651633/ccs/5775_7228,m84056_230620_213907_s3/137039714/ccs/7971_9447,m84056_230620_213907_s3/148050873/ccs/6919_8262,m84056_230620_213907_s3/51188875/ccs/5031_6491,m84056_230620_213907_s3/138741631/ccs/2278_3731,m84056_230620_213907_s3/246157518/ccs/2517_3990,m84063_230620_211331_s3/174915749/ccs/5304_6762,m84056_230620_213907_s3/237309318/ccs/5362_6855,m84056_230620_213907_s3/109579242/ccs/11493_12944,m84063_230620_211331_s3/94638362/ccs/3459_4820,m84056_230620_213907_s3/102501225/ccs/1350_2836,m84056_230620_213907_s3/152111519/ccs/757_2226,m84056_230620_213907_s3/123471699/ccs/2372_3829,m84063_230620_211331_s3/176559171/ccs/9625_11090,m84056_230620_213907_s3/33490134/ccs/44_1679,m84056_230620_213907_s3/164497847/ccs/5516_6994,m84056_230620_213907_s3/196478015/ccs/3399_4883,m84063_230620_211331_s3/139724611/ccs/74_1529,m84056_230620_213907_s3/196544226/ccs/9223_10700,m84056_230620_213907_s3/19595891/ccs/3280_4636,m84056_230620_213907_s3/176819591/ccs/5823_7319,m84063_230620_211331_s3/259065814/ccs/914_2385,m84063_230620_211331_s3/173737710/ccs/6620_8078,m84056_230620_213907_s3/108597636/ccs/6161_7621,m84056_230620_213907_s3/94705483/ccs/1710_3184,m84056_230620_213907_s3/114822913/ccs/6818_8260,m84063_230620_211331_s3/226497660/ccs/8036_9570,m84056_230620_213907_s3/102368380/ccs/6281_7743,m84056_230620_213907_s3/207685925/ccs/7927_9307,m84063_230620_211331_s3/159978094/ccs/7876_9222,m84056_230620_213907_s3/121767581/ccs/6041_7493,m84056_230620_213907_s3/64099795/ccs/8611_10107,m84056_230620_213907_s3/175967222/ccs/74_1537,m84056_230620_213907_s3/165612479/ccs/858_2251,m84063_230620_211331_s3/228462271/ccs/1837_3507,m84056_230620_213907_s3/153161297/ccs/3482_4852,m84056_230620_213907_s3/125174681/ccs/6814_8166,m84056_230620_213907_s3/103880110/ccs/5164_6645,m84056_230620_213907_s3/97061605/ccs/2736_4056,m84056_230620_213907_s3/42471002/ccs/6273_7724,m84056_230620_213907_s3/26154179/ccs/3967_5490,m84056_230620_213907_s3/80938198/ccs/5070_6556,m84056_230620_213907_s3/253233446/ccs/74_1540,m84056_230620_213907_s3/266078483/ccs/4935_6481,m84056_230620_213907_s3/168035859/ccs/9662_11186,m84056_230620_213907_s3/66519564/ccs/6032_7487,m84056_230620_213907_s3/147391373/ccs/4784_6237,m84056_230620_213907_s3/103747287/ccs/2498_3952,m84056_230620_213907_s3/224989243/ccs/2458_3943,m84056_230620_213907_s3/168758662/ccs/4368_5835,m84056_230620_213907_s3/205981708/ccs/11677_13132,m84056_230620_213907_s3/126683679/ccs/4372_5855,m84056_230620_213907_s3/244516384/ccs/873_2206,m84056_230620_213907_s3/111611480/ccs/6178_7643,m84056_230620_213907_s3/256181292/ccs/5193_6675,m84056_230620_213907_s3/180945995/ccs/9522_11004,m84056_230620_213907_s3/202574649/ccs/74_1562,m84056_230620_213907_s3/177340821/ccs/4827_5888,m84056_230620_213907_s3/255724656/ccs/1932_3411,m84056_230620_213907_s3/141429572/ccs/6601_8092,m84056_230620_213907_s3/81857393/ccs/5289_6629,m84056_230620_213907_s3/132187571/ccs/6999_8481,m84063_230620_211331_s3/60686376/ccs/2746_4317,m84056_230620_213907_s3/226624907/ccs/2382_3364,m84056_230620_213907_s3/88476360/ccs/4875_6344,m84056_230620_213907_s3/203293609/ccs/1421_2878,m84063_230620_211331_s3/188285508/ccs/2554_3922,m84056_230620_213907_s3/167838901/ccs/44_1707,m84063_230620_211331_s3/143920815/ccs/74_1582,m84056_230620_213907_s3/220138338/ccs/9276_10800,m84063_230620_211331_s3/232983506/ccs/3566_5023,m84056_230620_213907_s3/82250244/ccs/5710_7160,m84056_230620_213907_s3/213913113/ccs/6288_7763,m84056_230620_213907_s3/216793699/ccs/6613_8075,m84056_230620_213907_s3/242944661/ccs/9154_10617,m84056_230620_213907_s3/115739282/ccs/8061_9492,m84056_230620_213907_s3/206375017/ccs/4639_6141,m84056_230620_213907_s3/68292702/ccs/5270_6822,m84056_230620_213907_s3/94373950/ccs/8566_9962,m84063_230620_211331_s3/221252605/ccs/74_1543,m84063_230620_211331_s3/237309804/ccs/5227_6757,m84063_230620_211331_s3/39715689/ccs/4305_5761,m84056_230620_213907_s3/43322686/ccs/3059_3704,m84056_230620_213907_s3/247469142/ccs/44_1423,m84056_230620_213907_s3/208801910/ccs/5780_7251,m84056_230620_213907_s3/121964544/ccs/4269_5711,m84056_230620_213907_s3/146147623/ccs/44_1512,m84056_230620_213907_s3/35653221/ccs/7006_8489,m84056_230620_213907_s3/145624343/ccs/10601_11948,m84056_230620_213907_s3/94963344/ccs/12324_13797,m84056_230620_213907_s3/36636805/ccs/1577_3014,m84063_230620_211331_s3/82448061/ccs/74_1445,m84056_230620_213907_s3/32312525/ccs/6409_7900,m84056_230620_213907_s3/98571054/ccs/3662_5145,m84056_230620_213907_s3/112071659/ccs/8976_10452,m84056_230620_213907_s3/141957042/ccs/1513_2966,m84056_230620_213907_s3/17959635/ccs/1056_2493,m84056_230620_213907_s3/29169119/ccs/4093_5576,m84056_230620_213907_s3/233510662/ccs/1533_3020,m84063_230620_211331_s3/113049826/ccs/4164_5634,m84056_230620_213907_s3/188159181/ccs/3326_4804,m84063_230620_211331_s3/246613038/ccs/3842_5321,m84056_230620_213907_s3/203948877/ccs/10895_12265,m84056_230620_213907_s3/121575228/ccs/5446_6762,m84056_230620_213907_s3/229838080/ccs/1241_2607,m84056_230620_213907_s3/245369345/ccs/6471_7953,m84056_230620_213907_s3/56428346/ccs/8161_9501,m84056_230620_213907_s3/130226012/ccs/9012_10475,m84056_230620_213907_s3/130745612/ccs/10863_12391,m84056_230620_213907_s3/181734357/ccs/5785_7265,m84056_230620_213907_s3/257886361/ccs/4960_6472,m84063_230620_211331_s3/106823861/ccs/6372_7817,m84056_230620_213907_s3/174329670/ccs/72_868,m84056_230620_213907_s3/196613431/ccs/3459_4829,m84063_230620_211331_s3/247073753/ccs/4402_5692,m84056_230620_213907_s3/74191723/ccs/1115_2538,m84056_230620_213907_s3/57413490/ccs/4582_6010,m84056_230620_213907_s3/137038733/ccs/5779_7274,m84056_230620_213907_s3/170067002/ccs/3231_4689,m84056_230620_213907_s3/231544097/ccs/5776_7328,m84056_230620_213907_s3/217320064/ccs/2291_3739,m84063_230620_211331_s3/161546364/ccs/44_2412,m84063_230620_211331_s3/13435722/ccs/3106_4575,m84056_230620_213907_s3/202048306/ccs/3801_5251,m84056_230620_213907_s3/44960124/ccs/2811_4255,m84056_230620_213907_s3/265685530/ccs/2596_4054,m84063_230620_211331_s3/99287176/ccs/6577_8132,m84056_230620_213907_s3/42730383/ccs/44_1525,m84056_230620_213907_s3/34735475/ccs/5130_6588,m84056_230620_213907_s3/205067883/ccs/5731_7110,m84056_230620_213907_s3/40897664/ccs/8779_10264,m84063_230620_211331_s3/213062402/ccs/7921_9392,m84056_230620_213907_s3/213914353/ccs/6395_7872,m84056_230620_213907_s3/133633278/ccs/5503_6997,m84063_230620_211331_s3/218040444/ccs/74_1343,m84056_230620_213907_s3/137956697/ccs/74_1439,m84056_230620_213907_s3/194380531/ccs/7017_8507,m84056_230620_213907_s3/199100607/ccs/5477_6943,m84056_230620_213907_s3/134353395/ccs/1132_2572,m84056_230620_213907_s3/126092414/ccs/5618_7068,m84056_230620_213907_s3/78253809/ccs/7064_8540,m84056_230620_213907_s3/127468027/ccs/2652_4106,m84056_230620_213907_s3/105712541/ccs/76_1585,m84056_230620_213907_s3/172299274/ccs/5972_7427,m84056_230620_213907_s3/54005415/ccs/9829_11324,m84056_230620_213907_s3/198248617/ccs/672_2125,m84056_230620_213907_s3/40767175/ccs/3857_5346,m84056_230620_213907_s3/81266117/ccs/74_1549,m84056_230620_213907_s3/74056304/ccs/3613_5069,m84056_230620_213907_s3/27071195/ccs/3312_4780,m84056_230620_213907_s3/100602285/ccs/7346_8807,m84056_230620_213907_s3/244646767/ccs/2324_3802	28.901	["CCLE_StarF2019","INTRACHROMOSOMAL[chr6:0.21Mb]"]	28.901	1.0	True
RP11-208G20.2--PSPHP1	294	RP11-208G20.2	1093	chr7:55761799:+	PSPHP1	5244	chr7:55773181:+	INCL_NON_REF_SPLICE	m84063_230620_211331_s3/257820391/ccs/9610_10463,m84056_230620_213907_s3/196805997/ccs/7184_8045,m84056_230620_213907_s3/209784987/ccs/3517_4464,m84056_230620_213907_s3/87365516/ccs/2030_2890,m84063_230620_211331_s3/239277362/ccs/883_1728,m84056_230620_213907_s3/130946487/ccs/881_1737,m84063_230620_211331_s3/27985785/ccs/4731_5586,m84056_230620_213907_s3/27725104/ccs/4074_4913,m84063_230620_211331_s3/220006539/ccs/1713_2569,m84056_230620_213907_s3/141623712/ccs/9975_10830,m84056_230620_213907_s3/41419528/ccs/7127_7649,m84063_230620_211331_s3/226628871/ccs/3615_4598,m84056_230620_213907_s3/78057535/ccs/6430_7289,m84056_230620_213907_s3/236261862/ccs/5273_6125,m84063_230620_211331_s3/150669475/ccs/74_926,m84056_230620_213907_s3/217645896/ccs/2588_3341,m84056_230620_213907_s3/151393131/ccs/74_931,m84056_230620_213907_s3/140511788/ccs/10653_11513,m84056_230620_213907_s3/167444566/ccs/4862_5709,m84063_230620_211331_s3/215357010/ccs/3486_4356,m84056_230620_213907_s3/217973299/ccs/74_917,m84056_230620_213907_s3/151784695/ccs/11323_12176,m84063_230620_211331_s3/74974022/ccs/2283_3132,m84056_230620_213907_s3/160894983/ccs/2572_3412,m84063_230620_211331_s3/36704847/ccs/4962_6018,m84063_230620_211331_s3/104535063/ccs/7192_8044,m84056_230620_213907_s3/214439238/ccs/8640_9499,m84063_230620_211331_s3/184943564/ccs/1397_2250,m84056_230620_213907_s3/162007406/ccs/7677_8528,m84056_230620_213907_s3/255658399/ccs/5692_6579,m84056_230620_213907_s3/129041216/ccs/74_939,m84056_230620_213907_s3/50924184/ccs/6144_6997,m84056_230620_213907_s3/260770149/ccs/2890_3747,m84056_230620_213907_s3/116331183/ccs/7413_8263,m84056_230620_213907_s3/253957640/ccs/3214_4034,m84056_230620_213907_s3/193659378/ccs/639_1475,m84063_230620_211331_s3/59573262/ccs/7187_8035,m84056_230620_213907_s3/237045918/ccs/3116_4017,m84056_230620_213907_s3/97194236/ccs/5407_6240,m84063_230620_211331_s3/162269290/ccs/74_920,m84056_230620_213907_s3/59377666/ccs/740_1587,m84063_230620_211331_s3/83694655/ccs/10052_10879,m84056_230620_213907_s3/193400102/ccs/4027_4886,m84056_230620_213907_s3/78909435/ccs/74_915,m84056_230620_213907_s3/208471687/ccs/899_1748,m84056_230620_213907_s3/115807079/ccs/1953_2808,m84063_230620_211331_s3/139596347/ccs/4892_5754,m84063_230620_211331_s3/115803332/ccs/6216_7064,m84056_230620_213907_s3/259198941/ccs/7348_8212,m84056_230620_213907_s3/232329775/ccs/8394_9329,m84056_230620_213907_s3/212667691/ccs/6469_7325,m84056_230620_213907_s3/191369798/ccs/7341_8181,m84056_230620_213907_s3/94767082/ccs/6372_7226,m84056_230620_213907_s3/214635905/ccs/1726_2545,m84056_230620_213907_s3/88671410/ccs/1035_1883,m84056_230620_213907_s3/160894512/ccs/7269_8124,m84056_230620_213907_s3/228398513/ccs/74_931,m84056_230620_213907_s3/91424135/ccs/9455_10311,m84056_230620_213907_s3/163187714/ccs/43_969,m84056_230620_213907_s3/256311375/ccs/74_924,m84056_230620_213907_s3/252707529/ccs/4933_5771,m84056_230620_213907_s3/128977450/ccs/9191_10043,m84056_230620_213907_s3/164171925/ccs/3581_4424,m84056_230620_213907_s3/160306769/ccs/8643_9496,m84056_230620_213907_s3/58528717/ccs/2501_3360,m84056_230620_213907_s3/95031199/ccs/4556_5411,m84056_230620_213907_s3/82775144/ccs/1335_2188,m84056_230620_213907_s3/80153559/ccs/44_899,m84056_230620_213907_s3/251728524/ccs/5533_6307,m84056_230620_213907_s3/104010431/ccs/4317_5154,m84056_230620_213907_s3/25037515/ccs/4047_4902,m84056_230620_213907_s3/118034972/ccs/1680_2513,m84056_230620_213907_s3/264701287/ccs/2084_2969,m84056_230620_213907_s3/118560662/ccs/3339_4192,m84056_230620_213907_s3/255722396/ccs/720_1580,m84056_230620_213907_s3/219349134/ccs/6597_7442,m84056_230620_213907_s3/146542105/ccs/1918_2766,m84056_230620_213907_s3/171639858/ccs/10609_11458,m84056_230620_213907_s3/168297835/ccs/6378_7230,m84056_230620_213907_s3/228067002/ccs/5793_6625,m84056_230620_213907_s3/197135461/ccs/1034_1898,m84063_230620_211331_s3/93454890/ccs/3695_4544,m84056_230620_213907_s3/40568034/ccs/3041_3915,m84056_230620_213907_s3/227609970/ccs/9424_10375,m84056_230620_213907_s3/196415884/ccs/6868_7751,m84056_230620_213907_s3/55839859/ccs/7298_8232,m84063_230620_211331_s3/109971260/ccs/2521_3381,m84056_230620_213907_s3/257560017/ccs/6684_7541,m84056_230620_213907_s3/142671956/ccs/813_1658,m84056_230620_213907_s3/75959619/ccs/9268_10122,m84056_230620_213907_s3/95815667/ccs/6623_7511,m84056_230620_213907_s3/74649836/ccs/7995_8889,m84063_230620_211331_s3/226165732/ccs/14793_15640,m84056_230620_213907_s3/145556348/ccs/6318_7250,m84056_230620_213907_s3/101843954/ccs/4741_5598,m84056_230620_213907_s3/100798566/ccs/6585_7437,m84056_230620_213907_s3/173344628/ccs/5866_6783,m84056_230620_213907_s3/96735446/ccs/3145_3997,m84063_230620_211331_s3/88279691/ccs/44_899,m84056_230620_213907_s3/124589158/ccs/44_929,m84056_230620_213907_s3/242092932/ccs/6153_7034,m84056_230620_213907_s3/237637852/ccs/1625_2512,m84056_230620_213907_s3/140445745/ccs/2249_3098,m84056_230620_213907_s3/33096425/ccs/2766_3596,m84063_230620_211331_s3/72158548/ccs/44_894,m84056_230620_213907_s3/77398945/ccs/2615_3469,m84063_230620_211331_s3/144444916/ccs/7027_8043,m84056_230620_213907_s3/265817499/ccs/2757_3612,m84056_230620_213907_s3/19926566/ccs/1942_2797,m84056_230620_213907_s3/171511863/ccs/6044_6904,m84056_230620_213907_s3/62066824/ccs/3171_3961,m84063_230620_211331_s3/202049502/ccs/4538_5372,m84056_230620_213907_s3/213715298/ccs/2830_3751,m84056_230620_213907_s3/188224984/ccs/2986_3842,m84056_230620_213907_s3/216666009/ccs/6453_7309,m84063_230620_211331_s3/217187913/ccs/5337_6173,m84056_230620_213907_s3/261227963/ccs/5688_6532,m84056_230620_213907_s3/3675449/ccs/6588_7448,m84063_230620_211331_s3/64292053/ccs/10205_11059,m84056_230620_213907_s3/114886585/ccs/7132_7978,m84056_230620_213907_s3/171774270/ccs/2780_3694,m84056_230620_213907_s3/226759640/ccs/5338_6192,m84056_230620_213907_s3/260309700/ccs/8593_9448,m84056_230620_213907_s3/222106800/ccs/6317_7173,m84056_230620_213907_s3/58657118/ccs/2830_3696,m84056_230620_213907_s3/50531723/ccs/8068_8928,m84056_230620_213907_s3/237699783/ccs/3642_4570,m84056_230620_213907_s3/219682122/ccs/7090_7946,m84056_230620_213907_s3/53087198/ccs/44_898,m84056_230620_213907_s3/216009842/ccs/9708_10583,m84056_230620_213907_s3/57084287/ccs/3215_4057,m84056_230620_213907_s3/204738489/ccs/5877_6595,m84063_230620_211331_s3/128190711/ccs/4576_5470,m84063_230620_211331_s3/122163333/ccs/7751_8608,m84063_230620_211331_s3/145754396/ccs/7332_8181,m84056_230620_213907_s3/245175778/ccs/5754_6654,m84056_230620_213907_s3/165678393/ccs/6047_6895,m84063_230620_211331_s3/180028178/ccs/2103_3072,m84056_230620_213907_s3/40309225/ccs/9297_10157,m84063_230620_211331_s3/188943911/ccs/8072_8931,m84056_230620_213907_s3/191431884/ccs/8583_9450,m84056_230620_213907_s3/144839125/ccs/3925_4788,m84056_230620_213907_s3/21237891/ccs/74_931,m84056_230620_213907_s3/236586069/ccs/74_930,m84056_230620_213907_s3/151393122/ccs/8437_9384,m84056_230620_213907_s3/237898469/ccs/7352_8208,m84063_230620_211331_s3/76943225/ccs/4665_5505,m84063_230620_211331_s3/233051084/ccs/2829_3777,m84063_230620_211331_s3/204210225/ccs/75_916,m84056_230620_213907_s3/129175597/ccs/4648_5502,m84063_230620_211331_s3/219284996/ccs/3712_4567,m84056_230620_213907_s3/152571008/ccs/9649_10499,m84056_230620_213907_s3/97125376/ccs/5595_6451,m84056_230620_213907_s3/114298846/ccs/5253_6116,m84056_230620_213907_s3/25038817/ccs/3245_4107,m84056_230620_213907_s3/198249525/ccs/74_973,m84056_230620_213907_s3/215744562/ccs/44_900,m84056_230620_213907_s3/108598833/ccs/1981_2837,m84056_230620_213907_s3/254151006/ccs/7391_8221,m84056_230620_213907_s3/191631129/ccs/490_1347,m84063_230620_211331_s3/31656818/ccs/10182_11034,m84056_230620_213907_s3/50991548/ccs/5392_6246,m84056_230620_213907_s3/137234355/ccs/1151_2006,m84056_230620_213907_s3/265618780/ccs/73_930,m84056_230620_213907_s3/227150597/ccs/6186_7038,m84063_230620_211331_s3/123474755/ccs/5633_6504,m84056_230620_213907_s3/175379377/ccs/4426_5272,m84056_230620_213907_s3/240259105/ccs/4556_5471,m84056_230620_213907_s3/161549081/ccs/1965_2821,m84056_230620_213907_s3/107613827/ccs/6682_7542,m84056_230620_213907_s3/220202443/ccs/6975_7835,m84056_230620_213907_s3/201198441/ccs/5557_6406,m84056_230620_213907_s3/257951667/ccs/5084_5948,m84056_230620_213907_s3/246879382/ccs/9993_10873,m84056_230620_213907_s3/190448869/ccs/42_891,m84063_230620_211331_s3/68948305/ccs/774_1625,m84056_230620_213907_s3/232133144/ccs/3467_4316,m84056_230620_213907_s3/15139718/ccs/3350_4242,m84056_230620_213907_s3/96405337/ccs/1306_2151,m84056_230620_213907_s3/50463715/ccs/1483_2337,m84056_230620_213907_s3/231804974/ccs/1071_1926,m84056_230620_213907_s3/211162596/ccs/6464_7317,m84056_230620_213907_s3/126682995/ccs/6131_6972,m84056_230620_213907_s3/165547073/ccs/38_747,m84063_230620_211331_s3/182390475/ccs/1038_1892,m84056_230620_213907_s3/211751558/ccs/2039_2881,m84056_230620_213907_s3/123275980/ccs/44_899,m84063_230620_211331_s3/153289645/ccs/7392_8259,m84056_230620_213907_s3/123864062/ccs/1754_2604,m84056_230620_213907_s3/237504003/ccs/8113_8973,m84056_230620_213907_s3/244516472/ccs/941_1796,m84056_230620_213907_s3/131794111/ccs/6450_7362,m84056_230620_213907_s3/180227027/ccs/5587_6441,m84056_230620_213907_s3/246417430/ccs/5329_6186,m84063_230620_211331_s3/148376551/ccs/5458_6305,m84056_230620_213907_s3/204017444/ccs/4904_5760,m84056_230620_213907_s3/82643789/ccs/74_929,m84056_230620_213907_s3/215024922/ccs/4491_5347,m84056_230620_213907_s3/67307131/ccs/4923_5777,m84063_230620_211331_s3/121111801/ccs/10200_11085,m84063_230620_211331_s3/150999777/ccs/7669_8645,m84056_230620_213907_s3/81790902/ccs/8336_9197,m84056_230620_213907_s3/151718011/ccs/4141_4854,m84063_230620_211331_s3/179570078/ccs/6980_7834,m84056_230620_213907_s3/30413264/ccs/9343_10201,m84056_230620_213907_s3/138678815/ccs/5194_6078,m84056_230620_213907_s3/224792161/ccs/6895_7756,m84056_230620_213907_s3/74191731/ccs/797_1653,m84056_230620_213907_s3/88277168/ccs/2179_3035,m84056_230620_213907_s3/120653994/ccs/485_1310,m84056_230620_213907_s3/90506450/ccs/1660_2509,m84056_230620_213907_s3/257037805/ccs/4373_5231,m84056_230620_213907_s3/179634549/ccs/2638_3477,m84063_230620_211331_s3/173872540/ccs/7198_8034,m84056_230620_213907_s3/60756969/ccs/5631_6488,m84063_230620_211331_s3/159254513/ccs/8191_9029,m84056_230620_213907_s3/85132594/ccs/4139_5063,m84056_230620_213907_s3/143459076/ccs/2469_3223,m84063_230620_211331_s3/196482315/ccs/44_889,m84056_230620_213907_s3/62393036/ccs/4155_5005,m84056_230620_213907_s3/75042148/ccs/1855_2702,m84056_230620_213907_s3/208147120/ccs/8905_9758,m84056_230620_213907_s3/48563977/ccs/11913_12673,m84056_230620_213907_s3/204277317/ccs/553_1404,m84056_230620_213907_s3/32639208/ccs/3823_4678,m84056_230620_213907_s3/164563622/ccs/74_972,m84056_230620_213907_s3/232456980/ccs/2923_3774,m84063_230620_211331_s3/111678836/ccs/74_927,m84056_230620_213907_s3/239276342/ccs/1488_2342,m84063_230620_211331_s3/89984642/ccs/5969_6826,m84056_230620_213907_s3/173347562/ccs/5443_6295,m84056_230620_213907_s3/201198196/ccs/1525_2484,m84063_230620_211331_s3/133305372/ccs/9951_10803,m84056_230620_213907_s3/163909006/ccs/2736_3644,m84056_230620_213907_s3/7015025/ccs/2309_3162,m84056_230620_213907_s3/112922901/ccs/44_892,m84056_230620_213907_s3/157421621/ccs/2139_2995,m84056_230620_213907_s3/127733698/ccs/5622_6477,m84063_230620_211331_s3/154013827/ccs/5918_6857,m84056_230620_213907_s3/161548373/ccs/8070_8941,m84056_230620_213907_s3/104862045/ccs/2238_3091,m84056_230620_213907_s3/203688182/ccs/4803_5685,m84056_230620_213907_s3/204999674/ccs/9607_10447,m84063_230620_211331_s3/248254402/ccs/4171_5027,m84056_230620_213907_s3/167709923/ccs/74_930,m84056_230620_213907_s3/76678658/ccs/11779_12711,m84056_230620_213907_s3/89392779/ccs/5834_6681,m84063_230620_211331_s3/82447632/ccs/7332_8178,m84056_230620_213907_s3/202115239/ccs/74_819,m84056_230620_213907_s3/81858933/ccs/44_897,m84056_230620_213907_s3/13960555/ccs/1809_2667,m84056_230620_213907_s3/216531070/ccs/6017_6872,m84056_230620_213907_s3/207552873/ccs/8220_9083,m84063_230620_211331_s3/124518539/ccs/1576_2485,m84056_230620_213907_s3/182586308/ccs/8871_9727,m84056_230620_213907_s3/98897699/ccs/74_944,m84056_230620_213907_s3/210638264/ccs/3416_4289,m84056_230620_213907_s3/202507475/ccs/6280_7127,m84056_230620_213907_s3/92607114/ccs/10448_11322,m84056_230620_213907_s3/23333010/ccs/8566_9417,m84063_230620_211331_s3/116132666/ccs/8459_9318,m84056_230620_213907_s3/63835180/ccs/1036_1888,m84063_230620_211331_s3/43781697/ccs/6217_7079,m84063_230620_211331_s3/237046682/ccs/8920_9772,m84063_230620_211331_s3/123735618/ccs/1126_1793,m84063_230620_211331_s3/122098047/ccs/6238_7079,m84056_230620_213907_s3/71767905/ccs/6801_7664,m84056_230620_213907_s3/58722518/ccs/11323_12146,m84056_230620_213907_s3/146803108/ccs/5167_6020,m84056_230620_213907_s3/259524627/ccs/3325_4181,m84056_230620_213907_s3/83628341/ccs/6389_7242,m84056_230620_213907_s3/67373046/ccs/74_942,m84056_230620_213907_s3/203753428/ccs/7292_8143,m84056_230620_213907_s3/123733285/ccs/5815_6671,m84056_230620_213907_s3/25887252/ccs/7345_8200,m84056_230620_213907_s3/34079890/ccs/6498_7355,m84056_230620_213907_s3/211550387/ccs/775_1625,m84056_230620_213907_s3/186062199/ccs/4692_5550,m84063_230620_211331_s3/178389679/ccs/6063_6901,m84056_230620_213907_s3/173015861/ccs/8451_9305,m84056_230620_213907_s3/36242679/ccs/2138_2992,m84056_230620_213907_s3/61344608/ccs/6512_7368,m84056_230620_213907_s3/179309815/ccs/10153_11049,m84056_230620_213907_s3/203360855/ccs/9488_10338,m84056_230620_213907_s3/148506688/ccs/5241_6306,m84056_230620_213907_s3/258807204/ccs/3789_4652,m84056_230620_213907_s3/127275935/ccs/1399_2258,m84056_230620_213907_s3/32114031/ccs/8220_9069,m84056_230620_213907_s3/181928159/ccs/3047_3995,m84056_230620_213907_s3/89396198/ccs/10199_11029,m84056_230620_213907_s3/115215964/ccs/4506_5440,m84056_230620_213907_s3/265556427/ccs/7866_8731,m84056_230620_213907_s3/238421132/ccs/44_930,m84056_230620_213907_s3/45092554/ccs/6294_7130	28.136	["INTRACHROMOSOMAL[chr7:96.59Mb]"]	28.136	1.0	True
MEMO1--DPY30	43	MEMO1	2044	chr2:32010187:-	DPY30	27444	chr2:31943383:-	ONLY_REF_SPLICE	m84056_230620_213907_s3/109380421/ccs/3422_4965,m84056_230620_213907_s3/123800177/ccs/5628_7149,m84056_230620_213907_s3/239145992/ccs/44_1590,m84056_230620_213907_s3/205979698/ccs/5102_6834,m84056_230620_213907_s3/171970699/ccs/703_2513,m84056_230620_213907_s3/49744527/ccs/3782_5323,m84056_230620_213907_s3/218499143/ccs/1271_2813,m84056_230620_213907_s3/40044669/ccs/7592_9088,m84056_230620_213907_s3/34540734/ccs/1987_3502,m84056_230620_213907_s3/248580777/ccs/2425_3964,m84056_230620_213907_s3/238552736/ccs/7186_8792,m84056_230620_213907_s3/193989709/ccs/6697_8420,m84056_230620_213907_s3/158336755/ccs/4536_6091,m84056_230620_213907_s3/229968035/ccs/5852_7415,m84056_230620_213907_s3/212733837/ccs/74_1834,m84056_230620_213907_s3/143331204/ccs/1855_3395,m84056_230620_213907_s3/101712823/ccs/2180_3722,m84056_230620_213907_s3/88738516/ccs/11306_12907,m84056_230620_213907_s3/196481843/ccs/8681_10499,m84056_230620_213907_s3/121308467/ccs/2607_4152,m84056_230620_213907_s3/239472476/ccs/2732_4192,m84056_230620_213907_s3/89392593/ccs/1800_3385,m84056_230620_213907_s3/38344344/ccs/6692_8510,m84056_230620_213907_s3/224728086/ccs/6099_7846,m84056_230620_213907_s3/236259164/ccs/4049_5544,m84063_230620_211331_s3/165807452/ccs/4230_5751,m84056_230620_213907_s3/137169572/ccs/756_2303,m84056_230620_213907_s3/188679061/ccs/4890_6459,m84056_230620_213907_s3/153684258/ccs/5952_7502,m84056_230620_213907_s3/266016169/ccs/4569_6114,m84056_230620_213907_s3/65995740/ccs/3316_5055,m84056_230620_213907_s3/10488372/ccs/5787_7601,m84056_230620_213907_s3/225709349/ccs/9254_10845,m84056_230620_213907_s3/42665668/ccs/3326_5136,m84056_230620_213907_s3/152178076/ccs/2337_3895,m84056_230620_213907_s3/236195074/ccs/4785_6357,m84056_230620_213907_s3/180622843/ccs/4123_5912,m84056_230620_213907_s3/101518314/ccs/7194_8756,m84056_230620_213907_s3/197858503/ccs/6895_8684,m84056_230620_213907_s3/208996783/ccs/8063_9862,m84056_230620_213907_s3/159647085/ccs/4367_5945,m84056_230620_213907_s3/155784972/ccs/4573_6072,m84056_230620_213907_s3/158337785/ccs/7254_8914	4.115	["TumorFusionsNAR2018","ChimerSeq","INTRACHROMOSOMAL[chr2:0.14Mb]"]	4.115	1.0	True
RP11-96H19.1--RP11-446N19.1	27	RP11-96H19.1	2709	chr12:46387972:+	RP11-446N19.1	12597	chr12:46652390:+	ONLY_REF_SPLICE	m84056_230620_213907_s3/227216265/ccs/3607_4133,m84056_230620_213907_s3/57349226/ccs/6102_6576,m84056_230620_213907_s3/202573788/ccs/6945_7423,m84056_230620_213907_s3/77796629/ccs/6657_7138,m84056_230620_213907_s3/83759573/ccs/1703_2177,m84056_230620_213907_s3/84086857/ccs/6879_7363,m84056_230620_213907_s3/37555297/ccs/11050_11576,m84056_230620_213907_s3/232787981/ccs/1927_2401,m84056_230620_213907_s3/55252196/ccs/2688_3178,m84056_230620_213907_s3/164103829/ccs/7647_8137,m84063_230620_211331_s3/219878604/ccs/6115_6656,m84056_230620_213907_s3/29492221/ccs/6074_6665,m84056_230620_213907_s3/115148095/ccs/6134_6714,m84056_230620_213907_s3/74973994/ccs/719_1197,m84056_230620_213907_s3/175442332/ccs/7295_7813,m84056_230620_213907_s3/64492064/ccs/5283_5747,m84063_230620_211331_s3/243468593/ccs/4724_5263,m84056_230620_213907_s3/237240976/ccs/3217_3702,m84056_230620_213907_s3/50860228/ccs/3626_4116,m84056_230620_213907_s3/144839267/ccs/1227_1872,m84063_230620_211331_s3/115085350/ccs/2907_3387,m84056_230620_213907_s3/150012188/ccs/3718_4200,m84056_230620_213907_s3/10291001/ccs/7238_7717,m84056_230620_213907_s3/197529001/ccs/4645_5121,m84056_230620_213907_s3/251070415/ccs/7499_7981,m84056_230620_213907_s3/260445453/ccs/5513_5988,m84056_230620_213907_s3/142019662/ccs/3811_6053	2.584	["INTRACHROMOSOMAL[chr12:0.12Mb]"]	2.584	1.0	True
NUP214--XKR3	16	NUP214	35067	chr9:131199015:+	XKR3	49819	chr22:16808083:-	ONLY_REF_SPLICE	m84056_230620_213907_s3/186845241/ccs/7906_11229,m84063_230620_211331_s3/24974500/ccs/3504_10704,m84056_230620_213907_s3/177935168/ccs/11604_18060,m84056_230620_213907_s3/265294009/ccs/6951_9850,m84063_230620_211331_s3/194188377/ccs/6191_8097,m84056_230620_213907_s3/257823896/ccs/6983_12347,m84056_230620_213907_s3/59706045/ccs/7549_12920,m84056_230620_213907_s3/107546070/ccs/5762_7733,m84056_230620_213907_s3/190449752/ccs/7609_9375,m84056_230620_213907_s3/110493811/ccs/5961_11722,m84056_230620_213907_s3/187957504/ccs/9337_15038,m84056_230620_213907_s3/194516074/ccs/3768_5595,m84056_230620_213907_s3/124258043/ccs/4458_7295,m84056_230620_213907_s3/72615502/ccs/3439_5586,m84056_230620_213907_s3/125046878/ccs/6579_10869,m84056_230620_213907_s3/111739949/ccs/7028_8864	1.531	["Mitelman","ChimerSeq","INTERCHROMOSOMAL[chr9--chr22]"]	1.531	1.0	True
UPK3BL--POLR2J2	16	UPK3BL	5827	chr7:102637105:-	POLR2J2	8855	chr7:102670086:-	INCL_NON_REF_SPLICE	m84056_230620_213907_s3/241175181/ccs/44_1825,m84056_230620_213907_s3/157094800/ccs/1544_3096,m84056_230620_213907_s3/77205789/ccs/2151_3625,m84056_230620_213907_s3/236786964/ccs/9024_10595,m84063_230620_211331_s3/43914078/ccs/2297_3942,m84063_230620_211331_s3/244585510/ccs/4396_6244,m84056_230620_213907_s3/61800889/ccs/5779_7481,m84056_230620_213907_s3/247928149/ccs/8168_9404,m84056_230620_213907_s3/106695630/ccs/4407_6055,m84056_230620_213907_s3/153291885/ccs/9543_11018,m84056_230620_213907_s3/109118957/ccs/5115_7383,m84056_230620_213907_s3/135988817/ccs/5431_7373,m84063_230620_211331_s3/85005154/ccs/6922_8397,m84056_230620_213907_s3/182520175/ccs/44_1762,m84063_230620_211331_s3/38343148/ccs/7707_9359,m84056_230620_213907_s3/164168997/ccs/7980_9454	1.531	["INTRACHROMOSOMAL[chr7:0.02Mb]","LOCAL_REARRANGEMENT:-:[23288]"]	1.531	1.0	True
C16orf87--ORC6	14	C16orf87	2874	chr16:46824386:-	ORC6	18877	chr16:46693093:+	ONLY_REF_SPLICE	m84056_230620_213907_s3/259984666/ccs/1344_2111,m84063_230620_211331_s3/187830784/ccs/3548_4207,m84056_230620_213907_s3/50332383/ccs/2907_3910,m84056_230620_213907_s3/86708415/ccs/6317_7788,m84056_230620_213907_s3/207424144/ccs/7353_8784,m84056_230620_213907_s3/182585884/ccs/3162_3985,m84056_230620_213907_s3/102568210/ccs/7047_8586,m84056_230620_213907_s3/210896435/ccs/44_1456,m84056_230620_213907_s3/147132357/ccs/6508_7055,m84056_230620_213907_s3/152703242/ccs/47_1535,m84056_230620_213907_s3/230362323/ccs/4247_4799,m84056_230620_213907_s3/68945997/ccs/9285_9865,m84056_230620_213907_s3/241502201/ccs/7661_8226,m84056_230620_213907_s3/184093447/ccs/6320_7179	1.34	["CCLE_StarF2019","INTRACHROMOSOMAL[chr16:0.10Mb]","LOCAL_INVERSION:-:+:[98213]"]	1.34	1.0	True
RP11-6N13.1--CTD-2374C24.1	14	RP11-6N13.1	1210	chr5:105392761:-	CTD-2374C24.1	17672	chr5:105009987:-	INCL_NON_REF_SPLICE	m84056_230620_213907_s3/100666717/ccs/8709_9943,m84056_230620_213907_s3/81268123/ccs/10225_12682,m84056_230620_213907_s3/192940824/ccs/553_1325,m84056_230620_213907_s3/255788490/ccs/2912_7149,m84063_230620_211331_s3/191631827/ccs/2782_6759,m84063_230620_211331_s3/237769737/ccs/4785_5701,m84063_230620_211331_s3/192679084/ccs/5733_6545,m84056_230620_213907_s3/194838658/ccs/3063_5359,m84056_230620_213907_s3/239931158/ccs/6418_7238,m84056_230620_213907_s3/30086559/ccs/3461_4758,m84063_230620_211331_s3/222234390/ccs/2329_3360,m84056_230620_213907_s3/122753183/ccs/2196_3112,m84056_230620_213907_s3/211948667/ccs/10314_11227,m84056_230620_213907_s3/183506656/ccs/1787_3165	1.34	["INTRACHROMOSOMAL[chr5:0.33Mb]"]	1.34	1.0	True
COMMD10--AP3S1	12	COMMD10	6085	chr5:116134178:+	AP3S1	21860	chr5:115866670:+	ONLY_REF_SPLICE	m84056_230620_213907_s3/40437686/ccs/43_1717,m84056_230620_213907_s3/152373854/ccs/1489_3082,m84056_230620_213907_s3/141363415/ccs/6977_8650,m84056_230620_213907_s3/54596439/ccs/10105_11764,m84056_230620_213907_s3/119408047/ccs/1109_2840,m84056_230620_213907_s3/164955149/ccs/6634_8341,m84056_230620_213907_s3/114297949/ccs/7836_9508,m84056_230620_213907_s3/180946882/ccs/5117_6832,m84056_230620_213907_s3/175049934/ccs/2441_4111,m84056_230620_213907_s3/86577906/ccs/1019_2693,m84056_230620_213907_s3/153358847/ccs/5202_6880,m84056_230620_213907_s3/97978458/ccs/2499_4167	1.148	["YOSHIHARA_TCGA","Klijn_CellLines","GTEx_recurrent_StarF2019","DEEPEST2019","ChimerPub","TumorFusionsNAR2018","ChimerSeq","INTRACHROMOSOMAL[chr5:0.17Mb]"]	1.148	1.0	True
UPK3BL--POLR2J2	12	UPK3BL	5827	chr7:102637105:-	POLR2J2	8839	chr7:102670102:-	INCL_NON_REF_SPLICE	m84056_230620_213907_s3/204671306/ccs/7099_8920,m84056_230620_213907_s3/230691545/ccs/6758_8249,m84056_230620_213907_s3/211816563/ccs/2512_4037,m84056_230620_213907_s3/16320198/ccs/8023_9264,m84056_230620_213907_s3/182716206/ccs/7787_9270,m84063_230620_211331_s3/84742191/ccs/7108_8653,m84056_230620_213907_s3/83168158/ccs/6448_8274,m84056_230620_213907_s3/87691038/ccs/73_1560,m84056_230620_213907_s3/102763496/ccs/7318_8805,m84063_230620_211331_s3/202313356/ccs/866_2350,m84056_230620_213907_s3/159516050/ccs/74_1737,m84056_230620_213907_s3/53155347/ccs/3276_5049	1.148	["INTRACHROMOSOMAL[chr7:0.02Mb]","LOCAL_REARRANGEMENT:-:[23288]"]	1.531	0.7498367080339647	True
UPF3A--CDC16	11	UPF3A	11572	chr13:114303150:+	CDC16	33093	chr13:114272184:+	INCL_NON_REF_SPLICE	m84056_230620_213907_s3/104141279/ccs/3976_5817,m84063_230620_211331_s3/114693325/ccs/4486_5837,m84056_230620_213907_s3/100994266/ccs/7035_8429,m84063_230620_211331_s3/167055360/ccs/2149_3868,m84056_230620_213907_s3/248583649/ccs/7641_9277,m84056_230620_213907_s3/226297793/ccs/1295_1843,m84056_230620_213907_s3/173410336/ccs/1709_3458,m84056_230620_213907_s3/57479571/ccs/711_2489,m84056_230620_213907_s3/121767539/ccs/4135_5863,m84056_230620_213907_s3/167117633/ccs/3395_4843,m84056_230620_213907_s3/133239540/ccs/3285_5004	1.053	["DEEPEST2019","TumorFusionsNAR2018","ChimerSeq","TCGA_StarF2019","CCLE_StarF2019","INTRACHROMOSOMAL[chr13:0.01Mb]","LOCAL_REARRANGEMENT:+:[8861]"]	1.053	1.0	True
C16orf87--ORC6	11	C16orf87	2874	chr16:46824386:-	ORC6	21346	chr16:46695562:+	ONLY_REF_SPLICE	m84056_230620_213907_s3/172690994/ccs/44_1391,m84063_230620_211331_s3/65078792/ccs/7256_8855,m84056_230620_213907_s3/63766745/ccs/6044_7407,m84056_230620_213907_s3/134286153/ccs/1564_2033,m84056_230620_213907_s3/95295217/ccs/75_1430,m84056_230620_213907_s3/199101318/ccs/2666_4040,m84056_230620_213907_s3/193533202/ccs/7327_8668,m84056_230620_213907_s3/208014786/ccs/4104_5462,m84056_230620_213907_s3/42402926/ccs/6288_7652,m84056_230620_213907_s3/84411313/ccs/44_512,m84063_230620_211331_s3/209650626/ccs/726_2063	1.053	["CCLE_StarF2019","INTRACHROMOSOMAL[chr16:0.10Mb]","LOCAL_INVERSION:-:+:[98213]"]	1.34	0.785820895522388	True
UPK3BL--POLR2J2	8	UPK3BL	5827	chr7:102637105:-	POLR2J2	8828	chr7:102670113:-	INCL_NON_REF_SPLICE	m84056_230620_213907_s3/147588062/ccs/1034_2697,m84063_230620_211331_s3/119080174/ccs/2099_4675,m84056_230620_213907_s3/178585828/ccs/6527_8032,m84056_230620_213907_s3/259983129/ccs/6170_7477,m84056_230620_213907_s3/81923896/ccs/5677_7181,m84063_230620_211331_s3/80150574/ccs/4073_5740,m84056_230620_213907_s3/196217542/ccs/5606_6909,m84063_230620_211331_s3/154275946/ccs/7248_8859	0.766	["INTRACHROMOSOMAL[chr7:0.02Mb]","LOCAL_REARRANGEMENT:-:[23288]"]	1.531	0.5003265839320705	True
UPK3BL--POLR2J2	7	UPK3BL	5827	chr7:102637105:-	POLR2J2	8851	chr7:102670090:-	INCL_NON_REF_SPLICE	m84056_230620_213907_s3/90900380/ccs/3910_5216,m84056_230620_213907_s3/201068703/ccs/4327_5980,m84056_230620_213907_s3/241697688/ccs/4925_6650,m84056_230620_213907_s3/53416024/ccs/3698_5190,m84056_230620_213907_s3/168694191/ccs/2589_4465,m84056_230620_213907_s3/181994892/ccs/3183_4663,m84063_230620_211331_s3/35458777/ccs/1365_2837	0.67	["INTRACHROMOSOMAL[chr7:0.02Mb]","LOCAL_REARRANGEMENT:-:[23288]"]	1.531	0.4376224689745265	True
RP5-964N17.1--LRCH2	6	RP5-964N17.1	1026	chrX:113938193:-	LRCH2	14547	chrX:115163783:-	ONLY_REF_SPLICE	m84056_230620_213907_s3/7933826/ccs/7013_7907,m84056_230620_213907_s3/105056259/ccs/762_3726,m84056_230620_213907_s3/85201533/ccs/1943_5763,m84063_230620_211331_s3/126620260/ccs/5495_9789,m84056_230620_213907_s3/101843895/ccs/7701_11796,m84063_230620_211331_s3/180294352/ccs/6244_10044	0.574	["INTRACHROMOSOMAL[chrX:1.17Mb]"]	0.574	1.0	True
UPK3BL--POLR2J2	6	UPK3BL	5827	chr7:102637105:-	POLR2J2	8836	chr7:102670105:-	INCL_NON_REF_SPLICE	m84056_230620_213907_s3/182980003/ccs/9834_11322,m84063_230620_211331_s3/251859601/ccs/74_1623,m84056_230620_213907_s3/80024377/ccs/5242_6736,m84056_230620_213907_s3/49680038/ccs/2947_3466,m84056_230620_213907_s3/130551929/ccs/772_2262,m84056_230620_213907_s3/240847893/ccs/9622_11129	0.574	["INTRACHROMOSOMAL[chr7:0.02Mb]","LOCAL_REARRANGEMENT:-:[23288]"]	1.531	0.37491835401698237	True
DLEU2_6--DLEU2_1	4	DLEU2_6	1149	chr13:50081991:+	DLEU2_1	4171	chr13:50044683:+	INCL_NON_REF_SPLICE	m84056_230620_213907_s3/257688679/ccs/3962_4378,m84056_230620_213907_s3/24581492/ccs/6923_7557,m84056_230620_213907_s3/201068407/ccs/7978_8491,m84056_230620_213907_s3/260900295/ccs/5000_5536	0.383	["INTERCHROMOSOMAL[chr12--chr1]"]	0.383	1.0	True
RP11-408A13.2--NFIB	4	RP11-408A13.2	1096	chr9:14402015:-	NFIB	9580	chr9:14307520:-	INCL_NON_REF_SPLICE	m84056_230620_213907_s3/150999712/ccs/74_1967,m84056_230620_213907_s3/218303550/ccs/4839_6787,m84056_230620_213907_s3/90702499/ccs/4762_7239,m84056_230620_213907_s3/114953023/ccs/6268_8760	0.383	["INTRACHROMOSOMAL[chr9:0.13Mb]"]	0.383	1.0	True
UPK3BL--POLR2J2	4	UPK3BL	5827	chr7:102637105:-	POLR2J2	8829	chr7:102670112:-	INCL_NON_REF_SPLICE	m84056_230620_213907_s3/167575677/ccs/5438_6937,m84056_230620_213907_s3/205065133/ccs/44_1527,m84056_230620_213907_s3/48105690/ccs/44_1567,m84056_230620_213907_s3/54788135/ccs/3172_4672	0.383	["INTRACHROMOSOMAL[chr7:0.02Mb]","LOCAL_REARRANGEMENT:-:[23288]"]	1.531	0.25016329196603526	True
UPK3BL--POLR2J2	4	UPK3BL	5827	chr7:102637105:-	POLR2J2	8817	chr7:102670124:-	INCL_NON_REF_SPLICE	m84063_230620_211331_s3/166661968/ccs/8703_10387,m84056_230620_213907_s3/73471004/ccs/44_1554,m84063_230620_211331_s3/186190641/ccs/5575_7263,m84056_230620_213907_s3/174789118/ccs/863_2460	0.383	["INTRACHROMOSOMAL[chr7:0.02Mb]","LOCAL_REARRANGEMENT:-:[23288]"]	1.531	0.25016329196603526	True
RP11-6N13.1--CTD-2374C24.1	3	RP11-6N13.1	1210	chr5:105392761:-	CTD-2374C24.1	18748	chr5:105008911:-	ONLY_REF_SPLICE	m84056_230620_213907_s3/45420463/ccs/6172_7022,m84056_230620_213907_s3/33163750/ccs/860_1708,m84063_230620_211331_s3/128320721/ccs/5617_6468	0.287	["INTRACHROMOSOMAL[chr5:0.33Mb]"]	1.34	0.2141791044776119	True
WDR34--PRRX2	3	WDR34	1247	chr9:128656541:-	PRRX2	11351	chr9:129719231:+	ONLY_REF_SPLICE	m84056_230620_213907_s3/232524035/ccs/6485_7475,m84056_230620_213907_s3/115016958/ccs/1914_2920,m84063_230620_211331_s3/100992666/ccs/7865_8988	0.287	["INTRACHROMOSOMAL[chr9:1.01Mb]"]	0.287	1.0	True
UPK3BL--POLR2J2	3	UPK3BL	5827	chr7:102637105:-	POLR2J2	8825	chr7:102670116:-	INCL_NON_REF_SPLICE	m84063_230620_211331_s3/120652755/ccs/6136_7817,m84063_230620_211331_s3/106826758/ccs/3887_5563,m84063_230620_211331_s3/103618273/ccs/6514_8014	0.287	["INTRACHROMOSOMAL[chr7:0.02Mb]","LOCAL_REARRANGEMENT:-:[23288]"]	1.531	0.18745917700849118	True
EIF1AX--SRP9	3	EIF1AX	1220	chrX:20141625:-	SRP9	14550	chr1:225782222:+	INCL_NON_REF_SPLICE	m84056_230620_213907_s3/176819341/ccs/675_2266,m84056_230620_213907_s3/124783358/ccs/4450_6064,m84063_230620_211331_s3/43325071/ccs/9289_10902	0.287	["INTERCHROMOSOMAL[chrX--chr1]"]	0.287	1.0	True
DLEU2_6--DLEU2_1	3	DLEU2_6	1146	chr13:50081988:+	DLEU2_1	4171	chr13:50044683:+	INCL_NON_REF_SPLICE	m84063_230620_211331_s3/151783234/ccs/74_584,m84056_230620_213907_s3/129171730/ccs/74_578,m84063_230620_211331_s3/171707860/ccs/44_476	0.287	["INTERCHROMOSOMAL[chr12--chr1]"]	0.383	0.7493472584856397	True
CTD-2008L17.1--RP11-456O19.2	3	CTD-2008L17.1	1405	chr18:55893442:+	RP11-456O19.2	15417	chr18:56096075:+	ONLY_REF_SPLICE	m84056_230620_213907_s3/90441275/ccs/4659_5472,m84063_230620_211331_s3/118363733/ccs/5184_5674,m84056_230620_213907_s3/199033897/ccs/3548_4264	0.287	["INTRACHROMOSOMAL[chr18:0.02Mb]","NEIGHBORS[18613]"]	0.287	1.0	True
UPK3BL--POLR2J2	2	UPK3BL	5827	chr7:102637105:-	POLR2J2	8848	chr7:102670093:-	INCL_NON_REF_SPLICE	m84063_230620_211331_s3/245895301/ccs/3078_4734,m84056_230620_213907_s3/91424504/ccs/10345_11829	0.191	["INTRACHROMOSOMAL[chr7:0.02Mb]","LOCAL_REARRANGEMENT:-:[23288]"]	1.531	0.12475506205094711	True
UPK3BL--POLR2J2	2	UPK3BL	5826	chr7:102637106:-	POLR2J2	8836	chr7:102670105:-	INCL_NON_REF_SPLICE	m84056_230620_213907_s3/116131153/ccs/7739_9231,m84056_230620_213907_s3/233182071/ccs/607_2274	0.191	["INTRACHROMOSOMAL[chr7:0.02Mb]","LOCAL_REARRANGEMENT:-:[23288]"]	1.531	0.12475506205094711	True
MALAT1--CDC42BPA	2	MALAT1	290	chr1:227323774:-	CDC42BPA	13763	chr1:227160647:-	INCL_NON_REF_SPLICE	m84063_230620_211331_s3/160502112/ccs/6739_7912,m84056_230620_213907_s3/65213271/ccs/5387_6560	0.191	["INTERCHROMOSOMAL[chr11--chr1]"]	0.191	1.0	True
MDN1--BSCL2	2	MDN1	1218	chr6:89819506:-	BSCL2	107882	chr11:62694711:-	ONLY_REF_SPLICE	m84056_230620_213907_s3/248382170/ccs/5178_6450,m84056_230620_213907_s3/60689415/ccs/388_1656	0.191	["INTERCHROMOSOMAL[chr6--chr11]"]	0.191	1.0	True
PASK--SLC18B1	2	PASK	5547	chr2:241140521:-	SLC18B1	41559	chr6:132771129:-	ONLY_REF_SPLICE	m84063_230620_211331_s3/223614770/ccs/9395_11058,m84056_230620_213907_s3/146084176/ccs/65_1734	0.191	["INTERCHROMOSOMAL[chr2--chr6]"]	0.191	1.0	True
RNU6-3P--UGGT2	2	RNU6-3P	1107	chr13:96056483:-	UGGT2	39621	chr13:95863727:-	INCL_NON_REF_SPLICE	m84056_230620_213907_s3/155650306/ccs/4241_5594,m84063_230620_211331_s3/247141408/ccs/65_1417	0.191	["INTERCHROMOSOMAL[chrX--chr13]"]	0.191	1.0	True
RP11-6N13.1--CTD-2374C24.1	2	RP11-6N13.1	1210	chr5:105392761:-	CTD-2374C24.1	19799	chr5:104979776:-	ONLY_REF_SPLICE	m84056_230620_213907_s3/137824213/ccs/74_1266,m84056_230620_213907_s3/115412545/ccs/4999_5748	0.191	["INTRACHROMOSOMAL[chr5:0.33Mb]"]	1.34	0.14253731343283582	True
RP11-706O15.1--TXLNG	2	RP11-706O15.1	1517	chrX:3843341:-	TXLNG	13614	chrX:16818574:+	ONLY_REF_SPLICE	m84056_230620_213907_s3/140054804/ccs/75_979,m84056_230620_213907_s3/145228466/ccs/1954_2859	0.191	["INTRACHROMOSOMAL[chrX:12.94Mb]"]	0.191	1.0	True
RPL27A--PDCL2	2	RPL27A	3482	chr11:8684892:+	PDCL2	13648	chr4:55582237:-	ONLY_REF_SPLICE	m84056_230620_213907_s3/86710162/ccs/4898_5816,m84056_230620_213907_s3/204472997/ccs/44_962	0.191	["INTERCHROMOSOMAL[chr11--chr4]"]	0.191	1.0	True
RPL6--ANXA11	2	RPL6	6735	chr12:112406819:-	ANXA11	27605	chr10:80158025:-	INCL_NON_REF_SPLICE	m84056_230620_213907_s3/120853544/ccs/8046_9073,m84056_230620_213907_s3/257166781/ccs/1047_2064	0.191	["INTERCHROMOSOMAL[chr12--chr10]"]	0.191	1.0	True
SETD5--GRM7	2	SETD5	1363	chr3:9397977:+	GRM7	61032	chr3:7680049:+	ONLY_REF_SPLICE	m84056_230620_213907_s3/209783485/ccs/3642_4407,m84056_230620_213907_s3/136644358/ccs/1575_2317	0.191	["INTRACHROMOSOMAL[chr3:1.66Mb]"]	0.191	1.0	True
TSTD3--GAS5	2	TSTD3	2501	chr6:99526109:+	GAS5	11636	chr1:173864304:-	ONLY_REF_SPLICE	m84056_230620_213907_s3/161939576/ccs/3832_4230,m84056_230620_213907_s3/207358164/ccs/4565_4966	0.191	["INTERCHROMOSOMAL[chr6--chr1]"]	0.191	1.0	True
UPK3BL--POLR2J2	2	UPK3BL	5826	chr7:102637106:-	POLR2J2	8855	chr7:102670086:-	INCL_NON_REF_SPLICE	m84056_230620_213907_s3/158078046/ccs/1285_2807,m84056_230620_213907_s3/163122492/ccs/44_1520	0.191	["INTRACHROMOSOMAL[chr7:0.02Mb]","LOCAL_REARRANGEMENT:-:[23288]"]	1.531	0.12475506205094711	True
LRRC75A-AS1--RTN4	2	LRRC75A-AS1	4190	chr17:16442011:+	RTN4	27768	chr2:54983091:-	INCL_NON_REF_SPLICE	m84056_230620_213907_s3/181470861/ccs/5839_6388,m84056_230620_213907_s3/38931691/ccs/2163_2706	0.191	["INTERCHROMOSOMAL[chr17--chr2]"]	0.191	1.0	True
UPK3BL--POLR2J2	2	UPK3BL	5827	chr7:102637105:-	POLR2J2	8852	chr7:102670089:-	INCL_NON_REF_SPLICE	m84063_230620_211331_s3/48629690/ccs/2223_2859,m84063_230620_211331_s3/206046577/ccs/9691_11556	0.191	["INTRACHROMOSOMAL[chr7:0.02Mb]","LOCAL_REARRANGEMENT:-:[23288]"]	1.531	0.12475506205094711	True
UPK3BL--POLR2J2	2	UPK3BL	5827	chr7:102637105:-	POLR2J2	8814	chr7:102670127:-	INCL_NON_REF_SPLICE	m84063_230620_211331_s3/103487119/ccs/74_1672,m84056_230620_213907_s3/149489621/ccs/5877_8194	0.191	["INTRACHROMOSOMAL[chr7:0.02Mb]","LOCAL_REARRANGEMENT:-:[23288]"]	1.531	0.12475506205094711	True
UPK3BL--POLR2J2	2	UPK3BL	5826	chr7:102637106:-	POLR2J2	8851	chr7:102670090:-	INCL_NON_REF_SPLICE	m84056_230620_213907_s3/237376640/ccs/1489_2965,m84056_230620_213907_s3/102172795/ccs/9339_10566	0.191	["INTRACHROMOSOMAL[chr7:0.02Mb]","LOCAL_REARRANGEMENT:-:[23288]"]	1.531	0.12475506205094711	True
UPK3BL--POLR2J2	2	UPK3BL	5827	chr7:102637105:-	POLR2J2	8859	chr7:102670082:-	INCL_NON_REF_SPLICE	m84056_230620_213907_s3/186648844/ccs/44_2393,m84056_230620_213907_s3/96408180/ccs/4668_6133	0.191	["INTRACHROMOSOMAL[chr7:0.02Mb]","LOCAL_REARRANGEMENT:-:[23288]"]	1.531	0.12475506205094711	True
UPK3BL--POLR2J2	2	UPK3BL	5827	chr7:102637105:-	POLR2J2	8820	chr7:102670121:-	INCL_NON_REF_SPLICE	m84056_230620_213907_s3/201853409/ccs/9202_10713,m84063_230620_211331_s3/243274966/ccs/6940_8445	0.191	["INTRACHROMOSOMAL[chr7:0.02Mb]","LOCAL_REARRANGEMENT:-:[23288]"]	1.531	0.12475506205094711	True
UPK3BL--POLR2J2	2	UPK3BL	5827	chr7:102637105:-	POLR2J2	8815	chr7:102670126:-	INCL_NON_REF_SPLICE	m84056_230620_213907_s3/5506383/ccs/4114_5860,m84056_230620_213907_s3/117116834/ccs/3148_4660	0.191	["INTRACHROMOSOMAL[chr7:0.02Mb]","LOCAL_REARRANGEMENT:-:[23288]"]	1.531	0.12475506205094711	True
UPK3BL--POLR2J2	2	UPK3BL	5826	chr7:102637106:-	POLR2J2	8829	chr7:102670112:-	INCL_NON_REF_SPLICE	m84063_230620_211331_s3/68030596/ccs/2885_4380,m84056_230620_213907_s3/160826288/ccs/1122_2973	0.191	["INTRACHROMOSOMAL[chr7:0.02Mb]","LOCAL_REARRANGEMENT:-:[23288]"]	1.531	0.12475506205094711	True
LRRC75A-AS1--RTN4	2	LRRC75A-AS1	1593	chr17:16439414:+	RTN4	26998	chr2:54987698:-	ONLY_REF_SPLICE	m84056_230620_213907_s3/179243307/ccs/4387_5435,m84063_230620_211331_s3/124262150/ccs/1990_3046	0.191	["INTERCHROMOSOMAL[chr17--chr2]"]	0.191	1.0	True
CCDC67--RNPC3	2	CCDC67	19366	chr11:93415114:+	RNPC3	41124	chr1:103555034:+	ONLY_REF_SPLICE	m84056_230620_213907_s3/56626389/ccs/74_2019,m84063_230620_211331_s3/102633934/ccs/2443_4384	0.191	["INTERCHROMOSOMAL[chr11--chr1]"]	0.191	1.0	True
JAK1--S100PBP	2	JAK1	1172	chr1:64966333:-	S100PBP	49351	chr1:32853079:+	ONLY_REF_SPLICE	m84056_230620_213907_s3/131142218/ccs/3186_3803,m84056_230620_213907_s3/103745471/ccs/74_688	0.191	["INTRACHROMOSOMAL[chr1:31.97Mb]"]	0.191	1.0	True
IMMP2L--DOCK4	2	IMMP2L	4976	chr7:111487238:-	DOCK4	58677	chr7:111769677:-	ONLY_REF_SPLICE	m84056_230620_213907_s3/221515168/ccs/2326_5123,m84056_230620_213907_s3/58853636/ccs/7443_8614	0.191	["DEEPEST2019","ChimerPub","TumorFusionsNAR2018","ChimerSeq","TCGA_StarF2019","CCLE_StarF2019","INTRACHROMOSOMAL[chr7:0.16Mb]"]	0.191	1.0	True
APIP--CAT	2	APIP	1272	chr11:34916228:-	CAT	18336	chr11:34449192:+	ONLY_REF_SPLICE	m84056_230620_213907_s3/127336570/ccs/4142_6430,m84056_230620_213907_s3/122032527/ccs/5486_7768	0.191	["INTRACHROMOSOMAL[chr11:0.38Mb]"]	0.191	1.0	True
APPBP2--MTHFD2	2	APPBP2	1153	chr17:60526067:-	MTHFD2	31536	chr2:74208603:+	INCL_NON_REF_SPLICE	m84056_230620_213907_s3/185340038/ccs/6595_8422,m84056_230620_213907_s3/64229001/ccs/74_1902	0.191	["INTERCHROMOSOMAL[chr17--chr2]"]	0.191	1.0	True
ATP5H--MIR4435-1HG	2	ATP5H	5514	chr17:75039209:-	MIR4435-1HG	17508	chr2:111429586:-	INCL_NON_REF_SPLICE	m84056_230620_213907_s3/27921305/ccs/6911_7639,m84056_230620_213907_s3/74909455/ccs/5279_6008	0.191	["INTERCHROMOSOMAL[chr17--chr2]"]	0.191	1.0	True
ATP5I--CSDE1	2	ATP5I	2835	chr4:672504:-	CSDE1	13918	chr1:114739725:-	INCL_NON_REF_SPLICE	m84056_230620_213907_s3/174067069/ccs/4979_7525,m84063_230620_211331_s3/166987027/ccs/7107_10269	0.191	["INTERCHROMOSOMAL[chr4--chr1]"]	0.191	1.0	True
ATXN2L--GLTSCR2	2	ATXN2L	4356	chr16:28826390:+	GLTSCR2	25536	chr19:47756528:+	ONLY_REF_SPLICE	m84056_230620_213907_s3/207291177/ccs/5347_5946,m84063_230620_211331_s3/10290398/ccs/11484_12082	0.191	["INTERCHROMOSOMAL[chr16--chr19]"]	0.191	1.0	True
BCR--ABL1	2	BCR	21553	chr22:23290413:+	ABL1	43957	chr9:130854064:+	ONLY_REF_SPLICE	m84056_230620_213907_s3/89655393/ccs/902_8308,m84056_230620_213907_s3/221317094/ccs/6083_10658	0.191	["Mitelman","ChimerKB","ChimerSeq","TCGA_StarF2019","CCLE_StarF2019","Klijn_CellLines","chimerdb_pubmed","chimerdb_omim","DEEPEST2019","GUO2018CR_TCGA","ChimerPub","TumorFusionsNAR2018","Cosmic","INTERCHROMOSOMAL[chr22--chr9]"]	0.191	1.0	True
C10orf76--KCNIP2	2	C10orf76	2222	chr10:102040013:-	KCNIP2	35935	chr10:101829199:-	ONLY_REF_SPLICE	m84063_230620_211331_s3/202575727/ccs/4381_6892,m84056_230620_213907_s3/98634226/ccs/994_3660	0.191	["CCLE_StarF2019","INTRACHROMOSOMAL[chr10:0.00Mb]","NEIGHBORS[1679]"]	0.191	1.0	True
C16orf87--ORC6	2	C16orf87	4363	chr16:46809297:-	ORC6	19593	chr16:46693809:+	INCL_NON_REF_SPLICE	m84056_230620_213907_s3/253038457/ccs/1059_2501,m84056_230620_213907_s3/239338364/ccs/5446_6883	0.191	["CCLE_StarF2019","INTRACHROMOSOMAL[chr16:0.10Mb]","LOCAL_INVERSION:-:+:[98213]"]	1.34	0.14253731343283582	True
CCDC26--FAM49B	2	CCDC26	2447	chr8:129574882:-	FAM49B	17798	chr8:129904585:-	ONLY_REF_SPLICE	m84056_230620_213907_s3/119540828/ccs/44_1995,m84063_230620_211331_s3/224465078/ccs/3253_5200	0.191	["INTRACHROMOSOMAL[chr8:0.16Mb]"]	0.191	1.0	True
CH17-472G23.1--SRP9	2	CH17-472G23.1	6041	chr1:120319679:+	SRP9	9165	chr1:225782222:+	INCL_NON_REF_SPLICE	m84056_230620_213907_s3/210701189/ccs/74_1950,m84056_230620_213907_s3/200936554/ccs/471_2343	0.191	["INTRACHROMOSOMAL[chr1:105.46Mb]"]	0.191	1.0	True
CTD-2215E18.1--LINC01340	2	CTD-2215E18.1	6285	chr5:97431900:+	LINC01340	13110	chr5:97668551:+	ONLY_REF_SPLICE	m84056_230620_213907_s3/77335649/ccs/2867_3843,m84056_230620_213907_s3/180028268/ccs/7987_9318	0.191	["INTRACHROMOSOMAL[chr5:0.07Mb]","NEIGHBORS[67479]"]	0.191	1.0	True
DLEU2_6--DLEU2_1	2	DLEU2_6	1161	chr13:50082003:+	DLEU2_1	4171	chr13:50044683:+	INCL_NON_REF_SPLICE	m84056_230620_213907_s3/25167896/ccs/3349_3781,m84056_230620_213907_s3/186780418/ccs/6345_6870	0.191	["INTERCHROMOSOMAL[chr12--chr1]"]	0.383	0.49869451697127937	True
DSCR4--KCNJ6	2	DSCR4	2054	chr21:38120307:-	KCNJ6	15337	chr21:37840709:-	ONLY_REF_SPLICE	m84056_230620_213907_s3/148639915/ccs/3442_5061,m84056_230620_213907_s3/189860082/ccs/4156_5011	0.191	["TCGA_StarF2019","CCLE_StarF2019","INTRACHROMOSOMAL[chr21:0.03Mb]","NEIGHBORS[34979]"]	0.191	1.0	True
EXD3--RABL6	2	EXD3	1149	chr9:137423114:-	RABL6	36936	chr9:136823525:+	ONLY_REF_SPLICE	m84056_230620_213907_s3/210961341/ccs/4250_6225,m84056_230620_213907_s3/111480918/ccs/626_2603	0.191	["INTRACHROMOSOMAL[chr9:0.35Mb]"]	0.191	1.0	True
FTH1--EIF3J	2	FTH1	1192	chr11:61967469:-	EIF3J	8325	chr15:44537206:+	INCL_NON_REF_SPLICE	m84056_230620_213907_s3/135661298/ccs/6221_6613,m84056_230620_213907_s3/130877290/ccs/3584_3977	0.191	["INTERCHROMOSOMAL[chr11--chr15]"]	0.191	1.0	True
GAS5--EIF1B	2	GAS5	4026	chr1:173865857:-	EIF1B	9171	chr3:40309871:+	INCL_NON_REF_SPLICE	m84063_230620_211331_s3/83367467/ccs/44_1114,m84056_230620_213907_s3/70322348/ccs/8678_9750	0.191	["INTERCHROMOSOMAL[chr1--chr3]"]	0.191	1.0	True
GNB2L1--NUDC	2	GNB2L1	10185	chr5:181236998:-	NUDC	19518	chr1:26941499:+	INCL_NON_REF_SPLICE	m84056_230620_213907_s3/169935771/ccs/8591_10676,m84063_230620_211331_s3/196922/ccs/3607_5687	0.191	["INTERCHROMOSOMAL[chr5--chr1]"]	0.191	1.0	True
GNB2L1--NUDC	2	GNB2L1	1688	chr5:181247409:-	NUDC	21221	chr1:26943202:+	INCL_NON_REF_SPLICE	m84063_230620_211331_s3/33097490/ccs/1065_4303,m84056_230620_213907_s3/190254354/ccs/5731_8706	0.191	["INTERCHROMOSOMAL[chr5--chr1]"]	0.191	1.0	True
HS2ST1--NPM1	2	HS2ST1	7134	chr1:87092669:+	NPM1	24064	chr5:171392914:+	ONLY_REF_SPLICE	m84063_230620_211331_s3/242486173/ccs/3219_4812,m84056_230620_213907_s3/4785408/ccs/2770_4365	0.191	["INTERCHROMOSOMAL[chr1--chr5]"]	0.191	1.0	True
ZNF350-AS1--RBX1	2	ZNF350-AS1	1102	chr19:51949235:+	RBX1	8149	chr22:40953555:+	ONLY_REF_SPLICE	m84056_230620_213907_s3/203162468/ccs/5876_6424,m84056_230620_213907_s3/187960366/ccs/3216_3764	0.191	["INTERCHROMOSOMAL[chr19--chr22]"]	0.191	1.0	True
